DSA,TOTAL POPULATION
Alabama Organ Center,4967444.794177939
Arkansas Regional Organ Recovery Agency,2484024.699744811
California Transplant Donor Network,12635186.160972817
Carolina Donor Services,7041091.164726122
Center for Donation and Transplant,2683480.274884828
Center for Organ Recovery and Education,5455248.521084944
Donor Alliance,5483084.034375128
Donor Network of Arizona,6173478.294547668
Finger Lakes Donor Recovery Network,2373728.9192392
Gift of Hope Organ & Tissue Donor Network,12331555.962467361
Gift of Life Donor Program,11234643.544911247
Gift of Life Michigan,9509616.605823385
Indiana Organ Procurement Organization,5514305.990968356
Intermountain Donor Services,3440181.555975586
Iowa Donor Network,2793330.1359710987
Kentucky Organ Donor Affiliates,4286293.923862207
Legacy of Life Hawaii,1239351.3278575703
Life Alliance Organ Recovery Agency,6076345.910999918
Life Connection of Ohio,2301857.414403197
LifeBanc,4233897.453486618
LifeCenter Northwest,7947287.750773398
LifeCenter Organ Donor Network,2168852.40388261
LifeChoice Donor Services,2478478.681428972
LifeGift Organ Donation Center,9631382.48608147
LifeLink of Florida,5091835.520723101
LifeLink of Georgia,9506147.95055897
LifeNet Health,4856066.059729734
LifePoint,4190102.471738766
LifeQuest Organ Recovery Services,3746069.9524666076
LifeShare Transplant Donor Services of Oklahoma,3742711.3659274387
LifeSource Upper Midwest Organ Procurement Organization,6901118.031282459
Lifeline of Ohio,3394783.001543959
Lifeshare of the Carolinas,2766799.4751049206
Lifesharing - A Donate Life Organization,3274402.046149019
Louisiana Organ Procurement Agency,4518209.889475879
Mid-America Transplant Services,4678737.544593719
Mid-South Transplant Foundation,2068662.7463740783
Midwest Transplant Network,5488377.841901545
Mississippi Organ Recovery Agency,2289718.70031075
Nebraska Organ Recovery System,1891432.8451472863
Nevada Donor Network,2467223.3532961477
New England Organ Bank,11310893.9986098
New Jersey Organ and Tissue Sharing Network OPO,6902132.64678546
New Mexico Donor Services,2002716.4248198818
New York Organ Donor Network,13014325.614980396
OneLegacy,18935264.86807192
Pacific Northwest Transplant Bank,5062401.563252744
Sierra Donor Services,2514651.977762451
Southwest Transplant Alliance,9190599.80103742
Tennessee Donor Services,5525828.434785442
Texas Organ Sharing Alliance,6257627.227232272
The Living Legacy Foundation of Maryland,3743835.824976313
TransLife,3519945.50015242
UW Health Organ and Tissue Donation,3530738.9606697867
Upstate New York Transplant Services Inc,1523542.052988351
Washington Regional Transplant Community,5380067.905710453
Wisconsin Donor Network,2165979.695738894
